visit_id,path_sequence
e44fa7c5-d3ec-5019-9ab6-0733dfc53a31,"[List](3.13s) ➔ [Detail](55.75s) ➔ [List](146.06s) ➔ [List](5.51s) ➔ [Detail](236.84s) ➔ [List](2.92s) ➔ [List](3.05s) ➔ [List](2.26s) ➔ [Detail](8.83s) ➔ [List](1.81s) ➔ [List](2.36s) ➔ [List](3.25s) ➔ [List](0.58s) ➔ [List](2.26s) ➔ [List](2.29s) ➔ [List](4.54s) ➔ [List](9.77s) ➔ [List](65.27s) ➔ [Detail](382.24s) ➔ [List](2.84s) ➔ [List](3.71s) ➔ [Detail](12.60s) ➔ [Detail](79.77s) ➔ [Detail](12.98s) ➔ [Detail](4.24s) ➔ [Detail](344.44s) ➔ [List](6.14s) ➔ [Detail](47.06s) ➔ [List](28.69s) ➔ [Detail]"
09f7ddd9-c0c4-5142-848f-382493db586f,"[List](14.59s) ➔ [Detail](11.99s) ➔ [List](3.99s) ➔ [List](5.47s) ➔ [Detail](15.52s) ➔ [Detail](11.97s) ➔ [List](6.34s) ➔ [List](4.09s) ➔ [List](3.72s) ➔ [List](5.03s) ➔ [List](2.27s) ➔ [List](5.69s) ➔ [List](4.32s) ➔ [List](3.40s) ➔ [List](2.73s) ➔ [List](2.52s) ➔ [List](3.36s) ➔ [List](1.90s) ➔ [List](4.50s) ➔ [List](1.06s) ➔ [List](4.58s) ➔ [List](5.28s) ➔ [List](449.42s) ➔ [Detail](3.23s) ➔ [Detail](29.53s) ➔ [Detail](4.32s) ➔ [List](2.67s) ➔ [List](3.43s) ➔ [List](11.37s) ➔ [Detail](13.32s) ➔ [List](7.49s) ➔ [List](2.16s) ➔ [Detail]"
57d709fd-3386-5f3d-a81c-c2de58067f7c,"[List](1.45s) ➔ [List](2.75s) ➔ [List](3.36s) ➔ [List](1.78s) ➔ [Detail](9.25s) ➔ [Detail](46.71s) ➔ [List](2.47s) ➔ [Detail](200.08s) ➔ [List](3.30s) ➔ [Detail](72.48s) ➔ [Detail](23.12s) ➔ [List](3.26s) ➔ [List](3.74s) ➔ [List](3.46s) ➔ [Detail](4.76s) ➔ [List](4.32s) ➔ [List](4.09s) ➔ [List](3.24s) ➔ [List](4.64s) ➔ [List](3.70s) ➔ [List](1.89s) ➔ [List](62.31s) ➔ [Detail](4.31s) ➔ [List](1.53s) ➔ [Detail](18.14s) ➔ [List](5.82s) ➔ [Detail](20.91s) ➔ [List](5.02s) ➔ [List](5.77s) ➔ [List](7.02s) ➔ [List](1.11s) ➔ [List](5.68s) ➔ [List](2.76s) ➔ [List](1.80s) ➔ [List](5.59s) ➔ [List](1.78s) ➔ [List](2.17s) ➔ [Detail](3.99s) ➔ [Detail]"
a227adae-4612-5988-82b4-665b96b1319e,"[List](0.47s) ➔ [Detail](58.75s) ➔ [List](6.29s) ➔ [List](1.09s) ➔ [Detail](65.51s) ➔ [List](1.65s) ➔ [List](5.14s) ➔ [List](1.69s) ➔ [List](2.49s) ➔ [List](7.09s) ➔ [Detail](42.84s) ➔ [List](2.16s) ➔ [Detail](39.53s) ➔ [Detail](6.66s) ➔ [List](4.09s) ➔ [List](2.47s) ➔ [List](4.67s) ➔ [List](2.38s) ➔ [List](1.57s) ➔ [List](4.01s) ➔ [List](1.28s) ➔ [List](1.88s) ➔ [List](3.45s) ➔ [List](3.54s) ➔ [List](2.49s) ➔ [List](3.63s) ➔ [List](3.27s) ➔ [List](1.19s) ➔ [Detail](108.37s) ➔ [Detail](548.25s) ➔ [Detail](16.50s) ➔ [Detail](9.97s) ➔ [Detail](14.92s) ➔ [Detail](12.03s) ➔ [List](2.26s) ➔ [List](2.70s) ➔ [List](2.69s) ➔ [List](11.52s) ➔ [Detail](5.06s) ➔ [List](6.41s) ➔ [List](3.29s) ➔ [List](5.65s) ➔ [List](1.43s) ➔ [List](1.13s) ➔ [List](6.97s) ➔ [List](2.24s) ➔ [List](1.82s) ➔ [List](2.61s) ➔ [List](4.96s) ➔ [List](7.89s) ➔ [List](5.25s) ➔ [List](14.38s) ➔ [List](2.16s) ➔ [List](5.21s) ➔ [List](2.27s) ➔ [List](3.13s) ➔ [Detail](46.77s) ➔ [List](0.78s) ➔ [List](3.41s) ➔ [List](0.97s) ➔ [List](0.49s) ➔ [List](1.63s) ➔ [List]"
b84534cd-f67a-5255-b814-c1abe877bcb6,"[Detail](1922.82s) ➔ [List](3.15s) ➔ [List](3.89s) ➔ [List](1.40s) ➔ [List](2.94s) ➔ [Detail](1170.34s) ➔ [List](9.34s) ➔ [List](8.63s) ➔ [List](3.55s) ➔ [List](8.52s) ➔ [List](2.57s) ➔ [List](2.06s) ➔ [List](3.79s) ➔ [List](3.44s) ➔ [List](2.36s) ➔ [List](3.78s) ➔ [List](2.12s) ➔ [List](0.45s) ➔ [List](10.87s) ➔ [List](3.21s) ➔ [List](12.63s) ➔ [List](2.31s) ➔ [List](6.39s) ➔ [List](8.95s) ➔ [List](1.04s) ➔ [List](3.09s) ➔ [List](5.52s) ➔ [List](7.26s) ➔ [List](2.29s) ➔ [List](3.44s) ➔ [List](5.08s) ➔ [Detail]"
645a5cf8-2517-5724-9a38-ec91fd06e3c4,"[List](4.30s) ➔ [List](3.57s) ➔ [Detail](3.90s) ➔ [List](1.23s) ➔ [List](1.39s) ➔ [List](2.93s) ➔ [List](5.20s) ➔ [Detail](23.45s) ➔ [List](2.86s) ➔ [List](4.36s) ➔ [List](0.85s) ➔ [List](1.50s) ➔ [List](1.32s) ➔ [List](1.34s) ➔ [List](0.90s) ➔ [List](2.35s) ➔ [Detail](14.39s) ➔ [List](3.31s) ➔ [List](1.58s) ➔ [List](2.19s) ➔ [List](1.25s) ➔ [List](1.00s) ➔ [List](1.95s) ➔ [List](2.55s) ➔ [Detail](17.40s) ➔ [List](6.10s) ➔ [List](3.69s) ➔ [List](2.59s) ➔ [List](3.71s) ➔ [List](1.44s) ➔ [List](0.84s) ➔ [List](5.63s) ➔ [Detail](8.57s) ➔ [List](0.85s) ➔ [List](1.05s) ➔ [List](4.19s) ➔ [Detail](5.03s) ➔ [List](51.37s) ➔ [List](5.36s) ➔ [List](1.90s) ➔ [List](1.34s) ➔ [List](1.89s) ➔ [List](4.32s) ➔ [List]"
2e6b05a8-55a4-5763-a482-6396f2ba81f0,"[List](10.18s) ➔ [Detail](22.51s) ➔ [Detail](12.98s) ➔ [Detail](21.19s) ➔ [Search](5.81s) ➔ [Detail](7.84s) ➔ [Detail](5.38s) ➔ [Search](2.91s) ➔ [Detail](10.29s) ➔ [Search](4.20s) ➔ [Search](6.05s) ➔ [Search](3.68s) ➔ [Search](3.38s) ➔ [Search](2.75s) ➔ [Search](5.36s) ➔ [Detail](16.95s) ➔ [Search](1.82s) ➔ [Detail](10.39s) ➔ [Detail](8.00s) ➔ [Detail](15.24s) ➔ [Search](1.84s) ➔ [Detail](11.16s) ➔ [Search](3.24s) ➔ [Detail](30.90s) ➔ [Detail](4.28s) ➔ [Detail](9.04s) ➔ [Search](0.96s) ➔ [Detail](32.60s) ➔ [Detail](16.48s) ➔ [Detail](8.70s) ➔ [Detail](7.17s) ➔ [Search](2.26s) ➔ [Detail](15.91s) ➔ [Detail](4.14s) ➔ [Detail](38.75s) ➔ [Detail](26.62s) ➔ [Detail](22.73s) ➔ [Detail](15.55s) ➔ [Detail](6.12s) ➔ [Search](1.67s) ➔ [Detail](24.47s) ➔ [Detail](4.91s) ➔ [Detail](24.41s) ➔ [List]"
3364530d-3633-5b89-8dff-c9ed1a514bc3,"[List](5.58s) ➔ [List](16.74s) ➔ [List](4.39s) ➔ [List](11.77s) ➔ [List](2.69s) ➔ [List](5.33s) ➔ [Search](22.21s) ➔ [Search](5.84s) ➔ [Search](6.25s) ➔ [Search](5.51s) ➔ [Search](8.90s) ➔ [Search](6.49s) ➔ [Search](3.17s) ➔ [Search](7.25s) ➔ [Search](4.85s) ➔ [Search](3.21s) ➔ [Search](4.01s) ➔ [Search](2.82s) ➔ [Search](14.72s) ➔ [Detail](185.28s) ➔ [Search](10.54s) ➔ [List](45.93s) ➔ [Search](2.71s) ➔ [Detail](8.41s) ➔ [Search](0.87s) ➔ [Detail](3.87s) ➔ [Search](8.79s) ➔ [Search](1.18s) ➔ [Detail](4.36s) ➔ [Search](4.65s) ➔ [Detail](10.40s) ➔ [Search](4.86s) ➔ [Detail](7.41s) ➔ [Search](1.75s) ➔ [Detail](5.19s) ➔ [Detail](7.31s) ➔ [Search](6.38s) ➔ [Search](2.33s) ➔ [Search](4.62s) ➔ [Search](5.48s) ➔ [Search](3.92s) ➔ [Search](2.27s) ➔ [Search](7.79s) ➔ [Detail](3.58s) ➔ [Search](4.51s) ➔ [Detail]"
e94f9cfd-af7e-5111-aabf-b5723af9dc20,"[List](5.74s) ➔ [Detail](6.47s) ➔ [Detail](8.40s) ➔ [List](4.43s) ➔ [List](5.66s) ➔ [List](8.36s) ➔ [List](6.60s) ➔ [List](9.49s) ➔ [List](3.97s) ➔ [List](3.38s) ➔ [Detail](40.20s) ➔ [List](72.53s) ➔ [List](7.52s) ➔ [List](9.68s) ➔ [List](3.02s) ➔ [List](3.27s) ➔ [Detail](8.92s) ➔ [Detail](6.38s) ➔ [Detail](2.71s) ➔ [Detail](13.56s) ➔ [List](2.82s) ➔ [Detail](9.63s) ➔ [Detail](6.60s) ➔ [List](4.36s) ➔ [List](5.52s) ➔ [Detail](16.68s) ➔ [List](8.91s) ➔ [List](6.24s) ➔ [List](5.70s) ➔ [Detail](6.93s) ➔ [List](6.37s) ➔ [List](4.77s) ➔ [Detail](10.43s) ➔ [List](3.98s) ➔ [List](4.14s) ➔ [List](4.50s) ➔ [List](5.23s) ➔ [List](2.88s) ➔ [List](7.07s) ➔ [List](5.21s) ➔ [List](3.69s) ➔ [Detail](54.15s) ➔ [List](3.43s) ➔ [List](3.81s) ➔ [List](3.83s) ➔ [List](4.46s) ➔ [Detail](1.92s) ➔ [List](3.99s) ➔ [List](3.16s) ➔ [Detail](4.74s) ➔ [List](4.02s) ➔ [List](5.51s) ➔ [List](2.71s) ➔ [List](3.45s) ➔ [List](43.09s) ➔ [List](1.33s) ➔ [Detail](7.11s) ➔ [List](2.88s) ➔ [List](3.42s) ➔ [List](4.40s) ➔ [List](4.59s) ➔ [List](6.12s) ➔ [Detail](6.42s) ➔ [List](2.20s) ➔ [Detail](6.38s) ➔ [List](4.05s) ➔ [List](5.40s) ➔ [List](4.57s) ➔ [List](5.12s) ➔ [List](4.06s) ➔ [Detail](30.64s) ➔ [List](3.85s) ➔ [Detail](39.30s) ➔ [List](2.34s) ➔ [List](3.68s) ➔ [List](3.17s) ➔ [List](2.35s) ➔ [List](4.89s) ➔ [List](175.88s) ➔ [List](10.45s) ➔ [List](30.51s) ➔ [List](4.89s) ➔ [List](4.38s) ➔ [List](326.79s) ➔ [List]"
3a1cb82a-3718-5c91-ba53-c24a3b38fda1,"[List](4.16s) ➔ [Search](4.69s) ➔ [Detail](20.85s) ➔ [Search](1.98s) ➔ [Search](1.25s) ➔ [Search](0.47s) ➔ [Search](1.36s) ➔ [Search](2.12s) ➔ [Search](1.13s) ➔ [Search](2.70s) ➔ [Search](1.62s) ➔ [Search](0.75s) ➔ [Search](1.54s) ➔ [Search](1.88s) ➔ [Search](0.90s) ➔ [Search](6.19s) ➔ [Search](3.62s) ➔ [Detail](4.47s) ➔ [Search](0.79s) ➔ [Search](2.40s) ➔ [Search](1.05s) ➔ [Search](0.77s) ➔ [Search](3.28s) ➔ [Search](3.47s) ➔ [Search](1.07s) ➔ [Search](3.21s) ➔ [Search](2.53s) ➔ [Search](0.48s) ➔ [Search](4.55s) ➔ [Search](0.51s) ➔ [Search](1.28s) ➔ [Search](0.83s) ➔ [Search](0.78s) ➔ [Search](2.25s) ➔ [Detail](13.82s) ➔ [Detail](9.56s) ➔ [Search](2.20s) ➔ [Search](5.79s) ➔ [Detail](9.66s) ➔ [Search](2.38s) ➔ [Search](3.07s) ➔ [Search](1.69s) ➔ [Search](3.34s) ➔ [Search](2.67s) ➔ [Search](3.69s) ➔ [Detail](18.15s) ➔ [Search](3.66s) ➔ [Detail](4.60s) ➔ [Search](11.37s) ➔ [Detail](3.20s) ➔ [Search](8.91s) ➔ [Detail](7.70s) ➔ [Detail](19.60s) ➔ [Search]"
ca041903-5059-581c-9eb2-508ba3ee977a,"[List](16.98s) ➔ [List](13.51s) ➔ [List](11.72s) ➔ [List](18.21s) ➔ [List](9.75s) ➔ [List](15.99s) ➔ [List](20.83s) ➔ [List](14.09s) ➔ [List](11.04s) ➔ [List](11.87s) ➔ [Detail](26.41s) ➔ [Detail](36.70s) ➔ [List](2.96s) ➔ [Detail](9.20s) ➔ [List](15.63s) ➔ [Detail](43.26s) ➔ [List](22.82s) ➔ [List](16.23s) ➔ [List](15.38s) ➔ [List](18.23s) ➔ [List](16.08s) ➔ [List](10.31s) ➔ [List](14.77s) ➔ [List](19.37s) ➔ [List](12.43s) ➔ [List](17.31s) ➔ [List](10.32s) ➔ [List](15.93s) ➔ [List](8.94s) ➔ [List](15.08s) ➔ [List](17.98s) ➔ [List](8.87s) ➔ [Detail](163.63s) ➔ [Detail](0.84s) ➔ [List](8.21s) ➔ [Search](44.84s) ➔ [Search](15.14s) ➔ [Search](17.74s) ➔ [Search](16.80s) ➔ [List]"
be3ae068-958d-5985-9301-6c72bfd77c3f,"[List](8.02s) ➔ [List](3.54s) ➔ [List](3.21s) ➔ [List](2.76s) ➔ [List](7.43s) ➔ [List](1.76s) ➔ [List](2.79s) ➔ [List](2.02s) ➔ [List](4.78s) ➔ [List](1.78s) ➔ [List](2.91s) ➔ [List](1.46s) ➔ [List](2.12s) ➔ [List](2.04s) ➔ [List](2.20s) ➔ [List](6.42s) ➔ [List](1.28s) ➔ [List](2.47s) ➔ [List](2.04s) ➔ [List](1.27s) ➔ [List](2.00s) ➔ [List](3.37s) ➔ [List](3.49s) ➔ [List](7.27s) ➔ [List](2.66s) ➔ [List](2.20s) ➔ [List](1.89s) ➔ [List](3.07s) ➔ [List](2.46s) ➔ [List](1.75s) ➔ [List]"
4247878f-18bd-5270-b09e-5c7f016ed9d3,"[List](8.55s) ➔ [List](8.24s) ➔ [List](8.06s) ➔ [List](5.52s) ➔ [List](5.01s) ➔ [List](6.54s) ➔ [List](1.21s) ➔ [List](4.45s) ➔ [List](3.75s) ➔ [List](5.68s) ➔ [List](5.32s) ➔ [List](14.01s) ➔ [List](10.86s) ➔ [List](6.84s) ➔ [List](5.64s) ➔ [List](7.55s) ➔ [Detail](28.91s) ➔ [List](5.20s) ➔ [List](7.59s) ➔ [List](3.70s) ➔ [List](5.03s) ➔ [List](4.07s) ➔ [List](5.15s) ➔ [List](4.07s) ➔ [List](4.61s) ➔ [List](4.24s) ➔ [List](4.36s) ➔ [List](4.52s) ➔ [List](4.08s) ➔ [List]"
4b2d6542-8345-5368-8af7-ae4ae5992fe9,"[List](1.48s) ➔ [Detail](472.13s) ➔ [Detail](300.92s) ➔ [List](17.34s) ➔ [List](1.22s) ➔ [List](2.02s) ➔ [List](1.82s) ➔ [List](0.87s) ➔ [List](2.27s) ➔ [List](1.71s) ➔ [List](3.71s) ➔ [List](8.85s) ➔ [List](1.19s) ➔ [List](1.19s) ➔ [List](1.96s) ➔ [List](1.27s) ➔ [List](3.17s) ➔ [List](322.73s) ➔ [List](0.01s) ➔ [List](0.24s) ➔ [List](0.77s) ➔ [List](0.66s) ➔ [List](0.52s) ➔ [List](0.73s) ➔ [List](0.90s) ➔ [List](0.96s) ➔ [List](1.52s) ➔ [List](0.81s) ➔ [List](0.85s) ➔ [List](1.68s) ➔ [List]"
b2439588-d41b-5fd3-ac1c-557d3cde9382,"[List](4.72s) ➔ [List](1.24s) ➔ [List](0.88s) ➔ [List](2.46s) ➔ [List](1.62s) ➔ [List](1.23s) ➔ [List](0.70s) ➔ [List](16.16s) ➔ [List](2.25s) ➔ [List](0.96s) ➔ [List](1.39s) ➔ [List](0.84s) ➔ [List](3.84s) ➔ [Detail](0.34s) ➔ [Detail](6.25s) ➔ [List](0.77s) ➔ [List](0.49s) ➔ [List](1.44s) ➔ [List](2.85s) ➔ [List](1.14s) ➔ [List](0.93s) ➔ [List](0.60s) ➔ [List](1.94s) ➔ [List](2.28s) ➔ [List](2.12s) ➔ [List](1.49s) ➔ [List](2.60s) ➔ [Detail](25.83s) ➔ [List](2.01s) ➔ [List](0.37s) ➔ [List](2.39s) ➔ [List](1.75s) ➔ [List](2.34s) ➔ [List](5.39s) ➔ [List](1.35s) ➔ [List](1.49s) ➔ [List](2.39s) ➔ [List](1.80s) ➔ [List](1.05s) ➔ [List](0.80s) ➔ [List](1.46s) ➔ [List](0.89s) ➔ [List]"
849d94b7-d36b-5358-b473-7c2cd4f7fbce,"[List](14.72s) ➔ [Detail](7.79s) ➔ [List](1.22s) ➔ [Detail](12.20s) ➔ [List](1.55s) ➔ [List](2.75s) ➔ [Detail](3.58s) ➔ [List](1.56s) ➔ [List](4.80s) ➔ [List](7.37s) ➔ [List](4.47s) ➔ [List](13.12s) ➔ [List](7.44s) ➔ [List](7.04s) ➔ [List](5.04s) ➔ [List](5.26s) ➔ [List](8.98s) ➔ [List](3.64s) ➔ [List](4.50s) ➔ [List](4.18s) ➔ [List](5.22s) ➔ [List](4.07s) ➔ [List](3.91s) ➔ [List](8.89s) ➔ [List](13.55s) ➔ [List](3.75s) ➔ [List](9.93s) ➔ [Detail](4.44s) ➔ [List](6.14s) ➔ [Search](8.78s) ➔ [Search](7.73s) ➔ [Search](6.97s) ➔ [Search](12.22s) ➔ [Search](9.53s) ➔ [Search](7.72s) ➔ [Search](7.98s) ➔ [Search](4.88s) ➔ [Search](8.95s) ➔ [Search](16.16s) ➔ [Search]"
f147d515-80d9-5f00-995a-72599383b770,"[Detail](18.89s) ➔ [Detail](373.81s) ➔ [Detail](12.41s) ➔ [List](1.53s) ➔ [Detail](3.54s) ➔ [Detail](29.00s) ➔ [Detail](3.83s) ➔ [List](1.45s) ➔ [Detail](5.78s) ➔ [List](12.76s) ➔ [Detail](5.60s) ➔ [List](104.22s) ➔ [Detail](7.58s) ➔ [Detail](9.59s) ➔ [Detail](1.65s) ➔ [Detail](18.96s) ➔ [List](172.72s) ➔ [List](0.23s) ➔ [Detail](185.38s) ➔ [Detail](4.57s) ➔ [List](3.40s) ➔ [List](1.47s) ➔ [List](0.97s) ➔ [List](1.44s) ➔ [List](1.10s) ➔ [List](2.07s) ➔ [List](2.76s) ➔ [List](1.91s) ➔ [List](10.43s) ➔ [List](605.42s) ➔ [List](0.48s) ➔ [Detail](15.84s) ➔ [Detail](13.31s) ➔ [Detail](15.49s) ➔ [List](3.24s) ➔ [Detail](17.67s) ➔ [List](5.80s) ➔ [List](439.31s) ➔ [Detail](33.95s) ➔ [List](14.54s) ➔ [List](1.07s) ➔ [List](984.53s) ➔ [List](0.02s) ➔ [Detail](89.75s) ➔ [List](4.80s) ➔ [Detail](29.29s) ➔ [Detail](9.19s) ➔ [Detail]"
9feaea08-5475-572a-99b2-d47e7502e0a8,"[List](6.95s) ➔ [List](1.56s) ➔ [List](5.24s) ➔ [List](1.57s) ➔ [List](4.36s) ➔ [List](2.93s) ➔ [List](3.26s) ➔ [List](1.80s) ➔ [List](2.65s) ➔ [List](2.95s) ➔ [List](3.41s) ➔ [List](3.68s) ➔ [List](2.40s) ➔ [List](3.04s) ➔ [List](3.79s) ➔ [List](4.26s) ➔ [List](3.53s) ➔ [List](2.47s) ➔ [List](4.61s) ➔ [List](2.71s) ➔ [List](3.89s) ➔ [List](1.95s) ➔ [List](3.28s) ➔ [List](1.94s) ➔ [List](6.67s) ➔ [List](1.26s) ➔ [List](2.56s) ➔ [List](4.58s) ➔ [List](2.06s) ➔ [List](5.89s) ➔ [Detail](11.64s) ➔ [List](3.24s) ➔ [List](1.98s) ➔ [List](2.44s) ➔ [List](2.42s) ➔ [List](2.32s) ➔ [List](2.24s) ➔ [List](2.57s) ➔ [List](4.30s) ➔ [List](4.01s) ➔ [List](4.02s) ➔ [List](3.90s) ➔ [List](5.52s) ➔ [List](3.65s) ➔ [List](2.86s) ➔ [List]"
2bc3e5fa-32f8-5ce9-a9bf-98556e2b2ee2,"[List](7.47s) ➔ [Detail](19.72s) ➔ [List](9.14s) ➔ [List](7.83s) ➔ [List](5.02s) ➔ [List](4.80s) ➔ [List](3.98s) ➔ [List](4.76s) ➔ [List](5.71s) ➔ [List](47.81s) ➔ [List](4.52s) ➔ [Detail](97.79s) ➔ [List](4.83s) ➔ [List](6.17s) ➔ [List](6.51s) ➔ [List](5.40s) ➔ [List](3.83s) ➔ [List](7.90s) ➔ [Detail](35.25s) ➔ [List](2.28s) ➔ [List](9.64s) ➔ [List](3.71s) ➔ [List](48.77s) ➔ [List](6.73s) ➔ [Detail](34.59s) ➔ [List](4.38s) ➔ [List](5.95s) ➔ [List](6.21s) ➔ [List](4.77s) ➔ [List](30.37s) ➔ [List](5.39s) ➔ [List](12.43s) ➔ [List](4.71s) ➔ [Detail](148.77s) ➔ [Detail](266.78s) ➔ [List](23.04s) ➔ [List](7.46s) ➔ [List](4.03s) ➔ [List](9.54s) ➔ [List](2.94s) ➔ [List](5.05s) ➔ [Detail](9.08s) ➔ [List](10.28s) ➔ [List](2.42s) ➔ [List](3.16s) ➔ [Detail](46.61s) ➔ [List](7.73s) ➔ [List](6.88s) ➔ [List](4.60s) ➔ [List](4.03s) ➔ [List](6.05s) ➔ [Detail](307.82s) ➔ [Detail](8.25s) ➔ [List](4.73s) ➔ [Detail](57.38s) ➔ [List](3.25s) ➔ [List](3.14s) ➔ [List](10.38s) ➔ [List](3.90s) ➔ [List](13.58s) ➔ [List](8.05s) ➔ [List](2.02s) ➔ [List](6.74s) ➔ [List](3.45s) ➔ [List](634.59s) ➔ [List](7.32s) ➔ [List](11.40s) ➔ [List](2.44s) ➔ [List](4.10s) ➔ [List](3.44s) ➔ [List](8.13s) ➔ [List](48.51s) ➔ [List](5.32s) ➔ [Detail](15.60s) ➔ [List](9.40s) ➔ [List](9.60s) ➔ [List](26.78s) ➔ [List](5.50s) ➔ [List](80.48s) ➔ [Detail](24.46s) ➔ [List](4.37s) ➔ [List](5.11s) ➔ [List](3.72s) ➔ [List](16.76s) ➔ [List](24.77s) ➔ [List](12.30s) ➔ [List](4.50s) ➔ [List](3.89s) ➔ [List](11.36s) ➔ [List]"
d96275eb-0d14-5076-85c0-762c4d381621,"[List](6.27s) ➔ [List](2.38s) ➔ [List](1.15s) ➔ [List](748.96s) ➔ [List](6.04s) ➔ [List](2.69s) ➔ [Detail](365.31s) ➔ [List](14.91s) ➔ [List](5.54s) ➔ [List](2.57s) ➔ [List](1.76s) ➔ [List](2.19s) ➔ [List](6.50s) ➔ [List](5.35s) ➔ [List](4.41s) ➔ [Detail](13.30s) ➔ [List](2.02s) ➔ [List](5.54s) ➔ [List](2.02s) ➔ [List](1.89s) ➔ [List](1.70s) ➔ [List](1.28s) ➔ [List](1.61s) ➔ [List](4.35s) ➔ [List](1.44s) ➔ [List](65.50s) ➔ [Detail](13.42s) ➔ [Detail](7.63s) ➔ [List](3.31s) ➔ [List](10.54s) ➔ [List](1.66s) ➔ [List](3.62s) ➔ [List](2.34s) ➔ [List](2.34s) ➔ [List](2.90s) ➔ [List](52.75s) ➔ [List](4.19s) ➔ [Detail](373.56s) ➔ [List](39.41s) ➔ [List]"
b374c023-f47e-58d8-9dd7-14fa46dbec42,"[List](8.01s) ➔ [List](3.20s) ➔ [List](5.87s) ➔ [List](3.37s) ➔ [Detail](15.36s) ➔ [List](19.09s) ➔ [Detail](92.87s) ➔ [List](7.87s) ➔ [Detail](53.36s) ➔ [List](5.57s) ➔ [List](9.33s) ➔ [List](4.90s) ➔ [Detail](9.19s) ➔ [List](2.44s) ➔ [List](7.38s) ➔ [List](3.45s) ➔ [List](3.26s) ➔ [List](2.92s) ➔ [Detail](92.28s) ➔ [List](2.74s) ➔ [List](4.87s) ➔ [List](3.32s) ➔ [Detail](16.32s) ➔ [List](6.17s) ➔ [List](0.83s) ➔ [List](1.99s) ➔ [Detail](6.83s) ➔ [Detail](3.52s) ➔ [List](5.84s) ➔ [List](2.95s) ➔ [List](2.39s) ➔ [List](1.22s) ➔ [List](2.92s) ➔ [List](140.83s) ➔ [List](2.64s) ➔ [List](70.89s) ➔ [List](3.83s) ➔ [List](5.16s) ➔ [List](3.53s) ➔ [List](3.44s) ➔ [List](3.24s) ➔ [List](6.44s) ➔ [List](6.22s) ➔ [List](8.46s) ➔ [Detail](4.80s) ➔ [List](2.45s) ➔ [List](6.91s) ➔ [List](3.62s) ➔ [Detail](8.95s) ➔ [List](3.73s) ➔ [List](4.62s) ➔ [Detail](7.50s) ➔ [List](7.40s) ➔ [List](4.52s) ➔ [Detail](24.60s) ➔ [List](2.27s) ➔ [List]"
8ead1a69-9a3e-5745-9f78-a4bc9e5da343,"[Detail](3.29s) ➔ [Detail](2.20s) ➔ [Detail](142.53s) ➔ [Detail](9.55s) ➔ [Detail](21.44s) ➔ [Detail](4.61s) ➔ [Detail](78.31s) ➔ [Detail](19.35s) ➔ [Detail](30.27s) ➔ [Detail](71.29s) ➔ [Detail](22.69s) ➔ [Detail](9.43s) ➔ [Detail](79.23s) ➔ [Detail](4.87s) ➔ [Detail](17.90s) ➔ [List](20.75s) ➔ [List](37.99s) ➔ [Detail](276.61s) ➔ [Detail](75.98s) ➔ [Detail](9.47s) ➔ [Detail](59.66s) ➔ [Detail](65.92s) ➔ [Detail](8.98s) ➔ [Detail](3.95s) ➔ [Detail](1113.97s) ➔ [List](7.36s) ➔ [List](3.82s) ➔ [Detail](11.81s) ➔ [Detail](2.05s) ➔ [Detail](17.78s) ➔ [List](5.14s) ➔ [List](3.60s) ➔ [Detail](16.09s) ➔ [Detail](3.73s) ➔ [List](5.49s) ➔ [List](5.92s) ➔ [List](9.07s) ➔ [Detail](56.20s) ➔ [List](6.68s) ➔ [List](4.22s) ➔ [Detail](312.75s) ➔ [Detail]"
7b13da15-7a94-535f-97d8-068030c810a7,"[List](3.34s) ➔ [Detail](6.28s) ➔ [Detail](80.29s) ➔ [Detail](12.98s) ➔ [Detail](7.69s) ➔ [List](5.25s) ➔ [List](6.99s) ➔ [Detail](12.92s) ➔ [List](0.35s) ➔ [Detail](29.38s) ➔ [Detail](21.54s) ➔ [List](0.35s) ➔ [Detail](9.22s) ➔ [Detail](7.52s) ➔ [Detail](2.88s) ➔ [Detail](25.04s) ➔ [List](3.39s) ➔ [List](11.38s) ➔ [Detail](5.97s) ➔ [Detail](9.19s) ➔ [List](4.00s) ➔ [Detail](9.03s) ➔ [Detail](5.17s) ➔ [Detail](5.16s) ➔ [List](1.64s) ➔ [Detail](52.62s) ➔ [Detail](15.38s) ➔ [Detail](5.95s) ➔ [Detail](2.60s) ➔ [List](1.61s) ➔ [Detail](3.70s) ➔ [Detail](12.64s) ➔ [Detail](51.81s) ➔ [Detail](2.51s) ➔ [Detail](8.72s) ➔ [Detail](3.04s) ➔ [Detail](16.93s) ➔ [List](0.34s) ➔ [Detail](4.25s) ➔ [Detail](4.50s) ➔ [Detail](14.07s) ➔ [Detail](8.13s) ➔ [Detail](3.39s) ➔ [Detail](85.59s) ➔ [List](2.28s) ➔ [List](1.17s) ➔ [List](1.96s) ➔ [List](3.37s) ➔ [List](5.53s) ➔ [List](11.82s) ➔ [Detail](24.67s) ➔ [Detail](4.87s) ➔ [List](1.42s) ➔ [Detail](18.79s) ➔ [Detail](6.62s) ➔ [Detail](313.06s) ➔ [List](19.64s) ➔ [List](25.12s) ➔ [List](52.17s) ➔ [List](39.45s) ➔ [List]"
5b05fdd5-f02e-5591-a19e-0cd7bec7e010,"[List](7.89s) ➔ [List](6.90s) ➔ [Detail](0.28s) ➔ [List](2.37s) ➔ [List](3.90s) ➔ [List](4.10s) ➔ [List](2.71s) ➔ [List](0.85s) ➔ [List](3.14s) ➔ [List](3.61s) ➔ [List](1.67s) ➔ [List](1.77s) ➔ [List](0.51s) ➔ [List](1.55s) ➔ [List](0.94s) ➔ [List](3.67s) ➔ [List](0.29s) ➔ [Detail](0.65s) ➔ [List](0.87s) ➔ [List](1.87s) ➔ [List](0.78s) ➔ [List](1.07s) ➔ [List](0.88s) ➔ [List](0.88s) ➔ [List](1.20s) ➔ [List](0.77s) ➔ [List](1.06s) ➔ [List](2.08s) ➔ [List](1.36s) ➔ [List](1.70s) ➔ [List](0.46s) ➔ [List](2.43s) ➔ [List](2.60s) ➔ [Detail](0.43s) ➔ [List](0.70s) ➔ [List](1.36s) ➔ [List](0.88s) ➔ [List](0.96s) ➔ [List](0.67s) ➔ [List]"
b13104da-1bc7-5790-ae97-0624b89ad27f,"[List](2.53s) ➔ [List](3.09s) ➔ [List](2.17s) ➔ [List](7.33s) ➔ [List](100.99s) ➔ [List](4.07s) ➔ [List](5.58s) ➔ [Detail](17.19s) ➔ [List](7.62s) ➔ [List](2.69s) ➔ [List](6.80s) ➔ [List](6.69s) ➔ [List](3.28s) ➔ [List](1.32s) ➔ [List](3.44s) ➔ [List](3.20s) ➔ [List](4.17s) ➔ [Search](7.81s) ➔ [Search](5.20s) ➔ [Search](3.53s) ➔ [Search](1.81s) ➔ [Search](7.46s) ➔ [Search](7.62s) ➔ [Search](4.08s) ➔ [Search](5.82s) ➔ [Search](5.16s) ➔ [Search](0.91s) ➔ [Search](4.24s) ➔ [Search](228.37s) ➔ [Search](2.82s) ➔ [Detail](5.71s) ➔ [Search](6.11s) ➔ [Detail](6.02s) ➔ [Search](2.11s) ➔ [Search](3.46s) ➔ [Search](1.91s) ➔ [Search](1.25s) ➔ [Search](4.89s) ➔ [Search](2.05s) ➔ [Search](259.92s) ➔ [Search](2.57s) ➔ [Search](4.07s) ➔ [Search](5.42s) ➔ [Search](5.83s) ➔ [Search](4.36s) ➔ [Detail](256.73s) ➔ [Search](6.93s) ➔ [Search](20.84s) ➔ [Search](2.66s) ➔ [Search](125.44s) ➔ [Search](8.85s) ➔ [Search](14.46s) ➔ [Search](5.08s) ➔ [Detail](3.41s) ➔ [Search](2.89s) ➔ [Search](6.55s) ➔ [Search](2.13s) ➔ [Search](2.91s) ➔ [Search]"
25f65a8b-db2b-5243-bfb0-f1c4d82ab7b3,"[List](8.31s) ➔ [List](7.50s) ➔ [List](4.25s) ➔ [List](8.62s) ➔ [List](4.45s) ➔ [List](4.68s) ➔ [List](4.54s) ➔ [List](9.19s) ➔ [List](6.20s) ➔ [List](4.32s) ➔ [List](9.33s) ➔ [List](7.14s) ➔ [List](5.88s) ➔ [List](1.11s) ➔ [Detail](2.98s) ➔ [List](3.42s) ➔ [Detail](47.75s) ➔ [List](3.40s) ➔ [List](4.22s) ➔ [List](8.18s) ➔ [List](2.62s) ➔ [List](0.76s) ➔ [Detail](4.16s) ➔ [List](957.92s) ➔ [List](5.81s) ➔ [List](4.58s) ➔ [List](5.05s) ➔ [List](6.60s) ➔ [List](2.44s) ➔ [List](8.40s) ➔ [List](6.00s) ➔ [List](3.60s) ➔ [List](3.74s) ➔ [List](7.44s) ➔ [List](0.82s) ➔ [Detail](3.37s) ➔ [List](6.29s) ➔ [List](7.74s) ➔ [List](2.54s) ➔ [List](3.76s) ➔ [List](2.50s) ➔ [List](9.80s) ➔ [List](3.04s) ➔ [List](6.32s) ➔ [List](4.14s) ➔ [List](2.44s) ➔ [List]"
5bc36cd9-a3a8-5ab5-b28e-3dd6918d1a8f,"[List](6.25s) ➔ [List](8.86s) ➔ [List](6.69s) ➔ [List](12.39s) ➔ [List](3.63s) ➔ [List](6.82s) ➔ [List](4.81s) ➔ [List](4.41s) ➔ [List](3.89s) ➔ [List](5.24s) ➔ [List](6.14s) ➔ [List](2.34s) ➔ [Detail](9.68s) ➔ [List](4.24s) ➔ [List](4.34s) ➔ [List](4.19s) ➔ [List](3.37s) ➔ [List](4.01s) ➔ [List](2.64s) ➔ [Detail](5.46s) ➔ [List](2.96s) ➔ [List](3.00s) ➔ [List](5.11s) ➔ [List](5.63s) ➔ [List](3.77s) ➔ [List](4.78s) ➔ [Detail](7.99s) ➔ [Detail](9.15s) ➔ [List](3.08s) ➔ [Detail](6.66s) ➔ [List](3.44s) ➔ [List](3.21s) ➔ [List](2.83s) ➔ [List](2.84s) ➔ [List](6.45s) ➔ [List](5.83s) ➔ [List](5.31s) ➔ [List](3.28s) ➔ [List](4.07s) ➔ [List](3.96s) ➔ [List](4.14s) ➔ [List](8.09s) ➔ [List](2.78s) ➔ [List](6.28s) ➔ [Detail](4.28s) ➔ [List](4.63s) ➔ [List](5.20s) ➔ [List](4.33s) ➔ [List](20.48s) ➔ [List](5.54s) ➔ [List](4.41s) ➔ [List](4.29s) ➔ [List]"
487d7357-b4cc-5b84-ab82-358c17409692,"[List](12.85s) ➔ [Detail](29.36s) ➔ [Detail](2.73s) ➔ [Detail](23.45s) ➔ [List](9.62s) ➔ [List](5.22s) ➔ [List](2.86s) ➔ [Search](9.84s) ➔ [Search](4.82s) ➔ [Search](3.13s) ➔ [Detail](9.77s) ➔ [Search](2.69s) ➔ [Detail](8.79s) ➔ [Detail](24.77s) ➔ [Search](8.00s) ➔ [Search](3.58s) ➔ [Search](5.63s) ➔ [Search](8.59s) ➔ [Search](8.31s) ➔ [Search](2.45s) ➔ [Search](5.43s) ➔ [Search](5.03s) ➔ [Search](12.10s) ➔ [Search](10.83s) ➔ [Search](6.74s) ➔ [Search](8.84s) ➔ [Search](4.80s) ➔ [Search](6.75s) ➔ [Search](5.94s) ➔ [Search](4.29s) ➔ [Search](7.98s) ➔ [Search](7.41s) ➔ [Detail](8.90s) ➔ [Search](7.48s) ➔ [Search](4.57s) ➔ [Search](6.78s) ➔ [Search](7.69s) ➔ [Search](7.17s) ➔ [Search]"
20f177fd-5fea-5e77-8f25-44cb1683408a,"[List](10.14s) ➔ [List](5.53s) ➔ [List](1721.64s) ➔ [Search](2.45s) ➔ [List](4.29s) ➔ [Detail](7.82s) ➔ [Detail](5.23s) ➔ [Detail](7.24s) ➔ [List](4.60s) ➔ [List](5.70s) ➔ [List](3.75s) ➔ [List](4.17s) ➔ [List](6.69s) ➔ [List](0.29s) ➔ [List](0.17s) ➔ [List](0.16s) ➔ [List](1.15s) ➔ [List](0.33s) ➔ [List](2.63s) ➔ [List](17.40s) ➔ [List](1.85s) ➔ [List](4.09s) ➔ [List](0.38s) ➔ [List](1.15s) ➔ [List](2.17s) ➔ [List](384.82s) ➔ [List](8.30s) ➔ [List](4.26s) ➔ [List](4.48s) ➔ [List](5.40s) ➔ [List](3.44s) ➔ [List](0.45s) ➔ [List](0.19s) ➔ [List](0.42s) ➔ [List](179.57s) ➔ [Search](81.92s) ➔ [List](3.19s) ➔ [Search](9.96s) ➔ [Search](7.03s) ➔ [Search](1.68s) ➔ [List](49.31s) ➔ [List](1.75s) ➔ [List](3.18s) ➔ [List](2.58s) ➔ [List]"
29dae258-0568-5e79-8c16-1808774425af,"[List](5.76s) ➔ [Search](7.26s) ➔ [Search](6.45s) ➔ [Detail](54.95s) ➔ [Search](4.76s) ➔ [Search](4.24s) ➔ [Search](6.79s) ➔ [Search](5.26s) ➔ [Detail](15.34s) ➔ [Search](5.56s) ➔ [Detail](97.42s) ➔ [Search](6.17s) ➔ [Search](5.89s) ➔ [Search](5.93s) ➔ [Detail](26.59s) ➔ [Search](7.40s) ➔ [Search](6.81s) ➔ [Search](7.01s) ➔ [Search](107.50s) ➔ [Search](4.29s) ➔ [Search](14.53s) ➔ [Search](6.08s) ➔ [Search](6.26s) ➔ [List](113.38s) ➔ [Search](5.02s) ➔ [Search](20.00s) ➔ [Detail](17.05s) ➔ [Search](10.30s) ➔ [Search](6.07s) ➔ [Search](3.75s) ➔ [Detail](47.16s) ➔ [Search](3.48s) ➔ [Search](8.50s) ➔ [Search](4.11s) ➔ [Search](4.39s) ➔ [Search](8.58s) ➔ [Search](9.10s) ➔ [Search](7.43s) ➔ [Detail](17.54s) ➔ [Search](3.95s) ➔ [Search](5.90s) ➔ [Search](6.55s) ➔ [Search](6.47s) ➔ [Search](7.27s) ➔ [Search](7.08s) ➔ [Search](5.42s) ➔ [Search](6.43s) ➔ [Search](39.34s) ➔ [Search](8.80s) ➔ [Detail](45.51s) ➔ [Search](6.96s) ➔ [Search](263.82s) ➔ [Search](8.86s) ➔ [Search](4.85s) ➔ [Search]"
063c6ddb-590b-5f7f-91d1-6e21f523bd49,"[List](19.36s) ➔ [List](5.63s) ➔ [List](5.20s) ➔ [List](39.17s) ➔ [List](8.06s) ➔ [List](3.13s) ➔ [List](8.19s) ➔ [List](5.36s) ➔ [List](3.08s) ➔ [List](6.25s) ➔ [List](7.41s) ➔ [List](8.60s) ➔ [List](7.56s) ➔ [List](11.42s) ➔ [Detail](14.07s) ➔ [List](5.47s) ➔ [List](8.34s) ➔ [List](9.12s) ➔ [List](15.68s) ➔ [List](6.36s) ➔ [List](3.98s) ➔ [List](9.22s) ➔ [List](6.69s) ➔ [List](6.00s) ➔ [List](10.64s) ➔ [Detail](5.62s) ➔ [Detail](167.37s) ➔ [List](5.08s) ➔ [List](5.15s) ➔ [List](14.04s) ➔ [List](36.23s) ➔ [List](8.83s) ➔ [Detail](22.40s) ➔ [List](6.02s) ➔ [List](5.83s) ➔ [List](3.70s) ➔ [List](4.53s) ➔ [List](3.70s) ➔ [List](4.56s) ➔ [List](3.54s) ➔ [List](6.20s) ➔ [List](4.17s) ➔ [List](3.20s) ➔ [List](5.15s) ➔ [List](5.82s) ➔ [Detail](22.80s) ➔ [Detail](219.43s) ➔ [List](15.47s) ➔ [List](9.50s) ➔ [List](8.58s) ➔ [List](4.55s) ➔ [List](5.36s) ➔ [List](4.08s) ➔ [List](5.61s) ➔ [List](85.68s) ➔ [List](7.13s) ➔ [List](4.80s) ➔ [List](4.06s) ➔ [List](4.55s) ➔ [List](5.24s) ➔ [List](3.54s) ➔ [List](3.05s) ➔ [List](3.51s) ➔ [List](2.65s) ➔ [List](4.84s) ➔ [List](8.97s) ➔ [List](6.01s) ➔ [List](3.90s) ➔ [List](4.26s) ➔ [List](8.93s) ➔ [List](5.89s) ➔ [List](10.27s) ➔ [List]"
9a30e482-0934-543b-8c29-8c381d3ed56f,"[List](1.64s) ➔ [Detail](13.16s) ➔ [Detail](26.56s) ➔ [List](3.25s) ➔ [List](1.83s) ➔ [Detail](475.26s) ➔ [Detail](3.72s) ➔ [List](2.67s) ➔ [List](5.07s) ➔ [Detail](5.99s) ➔ [List](4.11s) ➔ [List](5.80s) ➔ [List](2.77s) ➔ [List](1.98s) ➔ [Detail](8.94s) ➔ [List](2.30s) ➔ [Detail](8.38s) ➔ [List](1.25s) ➔ [List](4.20s) ➔ [List](3.83s) ➔ [List](9.64s) ➔ [List](3.00s) ➔ [Detail](21.73s) ➔ [List](2.37s) ➔ [List](2.28s) ➔ [Detail](33.48s) ➔ [Detail](12.62s) ➔ [List](2.86s) ➔ [List](3.11s) ➔ [List](2.43s) ➔ [List](1.72s) ➔ [List](3.48s) ➔ [List](2.49s) ➔ [List](2.68s) ➔ [List](1.22s) ➔ [List](2.48s) ➔ [List](5.84s) ➔ [List](3.81s) ➔ [List](5.13s) ➔ [List](3.01s) ➔ [Detail](10.70s) ➔ [List](5.68s) ➔ [List](4.84s) ➔ [Detail](41.46s) ➔ [List](3.99s) ➔ [Detail](18.94s) ➔ [List](2.06s) ➔ [List](2.73s) ➔ [List](3.06s) ➔ [List](2.37s) ➔ [List](2.15s) ➔ [List](3.54s) ➔ [List](1.88s) ➔ [List](2.38s) ➔ [List](3.03s) ➔ [List](2.15s) ➔ [Detail](12.86s) ➔ [List](1.89s) ➔ [List](2.66s) ➔ [List](2.32s) ➔ [List](2.40s) ➔ [List](1.22s) ➔ [List](3.23s) ➔ [List](3.01s) ➔ [Detail](5.75s) ➔ [List](5.80s) ➔ [List](2.71s) ➔ [List](1.03s) ➔ [List](2.13s) ➔ [List](0.99s) ➔ [List](3.80s) ➔ [List](4.70s) ➔ [Detail](21.98s) ➔ [List](5.85s) ➔ [List](3.28s) ➔ [List](5.66s) ➔ [List](4.37s) ➔ [List](2.56s) ➔ [List](1.84s) ➔ [List](1.65s) ➔ [List](2.62s) ➔ [List](2.59s) ➔ [List](2.73s) ➔ [List](2.71s) ➔ [List](3.56s) ➔ [List](95.88s) ➔ [List](3.05s) ➔ [List](1.20s) ➔ [List](4.50s) ➔ [List](3.95s) ➔ [List](4.21s) ➔ [List](0.64s) ➔ [List](3.69s) ➔ [List](1.74s) ➔ [List](40.35s) ➔ [List](4.38s) ➔ [List](2.95s) ➔ [List](3.03s) ➔ [List](1.42s) ➔ [List](2.57s) ➔ [List](101.74s) ➔ [List](68.98s) ➔ [List]"
9fa7847a-b0ca-5ca4-8ea6-d63081a37189,"[List](4.69s) ➔ [List](3.26s) ➔ [Detail](4.32s) ➔ [List](3.38s) ➔ [List](4.70s) ➔ [List](11.36s) ➔ [List](1.48s) ➔ [List](2.35s) ➔ [List](1.20s) ➔ [List](1.88s) ➔ [List](2.60s) ➔ [List](1.27s) ➔ [List](1.44s) ➔ [List](1.34s) ➔ [List](1.35s) ➔ [List](5.19s) ➔ [List](1.41s) ➔ [List](8.39s) ➔ [Detail](4.31s) ➔ [List](1.02s) ➔ [List](1.94s) ➔ [List](1.04s) ➔ [List](1.78s) ➔ [List](3.23s) ➔ [List](1.34s) ➔ [List](1.62s) ➔ [List](1.19s) ➔ [List](11.82s) ➔ [List](2.56s) ➔ [List](5.97s) ➔ [List](1.61s) ➔ [List](4.24s) ➔ [List](10.41s) ➔ [List]"
4172601e-6245-5938-bdb4-b82c48fb6f1d,"[List](2.48s) ➔ [List](2.92s) ➔ [List](2.42s) ➔ [List](2.88s) ➔ [List](1.75s) ➔ [List](1.30s) ➔ [List](2.31s) ➔ [List](3.63s) ➔ [List](19.72s) ➔ [List](2.28s) ➔ [List](2.75s) ➔ [List](5.62s) ➔ [List](5.62s) ➔ [List](7.06s) ➔ [Detail](22.34s) ➔ [List](2.73s) ➔ [List](2.62s) ➔ [List](15.40s) ➔ [List](2.90s) ➔ [List](4.95s) ➔ [List](1.58s) ➔ [List](1.94s) ➔ [List](1.90s) ➔ [List](3.25s) ➔ [List](3.16s) ➔ [List](3.07s) ➔ [List](1.26s) ➔ [List](2.73s) ➔ [List](16.68s) ➔ [List](5.70s) ➔ [List](1.76s) ➔ [List](3.83s) ➔ [List](7.23s) ➔ [List](1.89s) ➔ [List](6.28s) ➔ [List](1.92s) ➔ [List](3.27s) ➔ [List](2.35s) ➔ [List](3.44s) ➔ [List](4.32s) ➔ [Detail](91.51s) ➔ [List](1.68s) ➔ [List](2.88s) ➔ [List](2.67s) ➔ [List](3.32s) ➔ [List](3.42s) ➔ [List](1.72s) ➔ [List](4.55s) ➔ [List](5.50s) ➔ [List](1.06s) ➔ [List](8.15s) ➔ [List](1.17s) ➔ [List](3.19s) ➔ [List](3.45s) ➔ [List](1.61s) ➔ [List](1.72s) ➔ [List](6.04s) ➔ [Detail](43.27s) ➔ [List](3.49s) ➔ [List](4.09s) ➔ [List](4.76s) ➔ [List](8.77s) ➔ [List](2.03s) ➔ [List](1.52s) ➔ [List](4.12s) ➔ [List](47.48s) ➔ [List](3.27s) ➔ [List](2.00s) ➔ [List](2.29s) ➔ [List](3.00s) ➔ [List](2.79s) ➔ [List](2.03s) ➔ [List](1.98s) ➔ [List]"
fc434a8f-e943-587e-aa90-8e81cd5df80a,"[List](3.48s) ➔ [List](6.16s) ➔ [Detail](14.15s) ➔ [Detail](10.90s) ➔ [Detail](33.90s) ➔ [List](6.87s) ➔ [List](7.47s) ➔ [List](4.78s) ➔ [List](2.94s) ➔ [List](38.84s) ➔ [List](8.17s) ➔ [List](6.46s) ➔ [List](319.44s) ➔ [List](1.22s) ➔ [List](1.17s) ➔ [List](2.72s) ➔ [List](0.37s) ➔ [List](2.46s) ➔ [List](0.88s) ➔ [List](4.35s) ➔ [List](5.40s) ➔ [List](2.79s) ➔ [List](2.77s) ➔ [List](1.75s) ➔ [List](2.21s) ➔ [List](2.65s) ➔ [List](0.84s) ➔ [List](0.85s) ➔ [List](1.49s) ➔ [List](5.86s) ➔ [Detail](5.68s) ➔ [List](3.79s) ➔ [List](12.41s) ➔ [List](3.18s) ➔ [List](2.56s) ➔ [List](3.43s) ➔ [List](5.82s) ➔ [Detail](12.44s) ➔ [List](4.17s) ➔ [List](3.62s) ➔ [List](3.39s) ➔ [List](1.86s) ➔ [List](6.81s) ➔ [Detail](11.23s) ➔ [List](1.22s) ➔ [List]"
c16fac67-fd88-5be1-8e18-1732c596edb3,"[List](9.90s) ➔ [List](9.62s) ➔ [List](3.28s) ➔ [List](9.12s) ➔ [List](4.75s) ➔ [List](3.55s) ➔ [List](6.67s) ➔ [List](3.82s) ➔ [List](4.01s) ➔ [List](6.66s) ➔ [List](7.05s) ➔ [List](3.92s) ➔ [List](12.04s) ➔ [List](8.27s) ➔ [List](4.36s) ➔ [List](3.09s) ➔ [Detail](35.71s) ➔ [List](732.14s) ➔ [List](3.68s) ➔ [List](2.30s) ➔ [List](15.00s) ➔ [Detail](11.71s) ➔ [List](4.24s) ➔ [Detail](11.09s) ➔ [List](4.08s) ➔ [List](3.50s) ➔ [List](5.46s) ➔ [Detail](8.98s) ➔ [List](5.44s) ➔ [List](5.32s) ➔ [List](4.02s) ➔ [List](4.58s) ➔ [Detail](9.31s) ➔ [List](3.39s) ➔ [List](5.15s) ➔ [Detail](7.93s) ➔ [Detail](8.66s) ➔ [List](4.82s) ➔ [List]"
26b1ab1f-2181-5685-9fdc-3e27e57ceaf6,"[List](152.16s) ➔ [Detail](186.95s) ➔ [List](0.03s) ➔ [Detail](2.98s) ➔ [Detail](25.00s) ➔ [Detail](2.54s) ➔ [List](10.30s) ➔ [List](176.15s) ➔ [List](4.24s) ➔ [List](64.71s) ➔ [List](113.71s) ➔ [List](8.88s) ➔ [List](10.06s) ➔ [List](47.02s) ➔ [List](2.28s) ➔ [List](8.22s) ➔ [List](16.48s) ➔ [List](4.18s) ➔ [List](22.49s) ➔ [List](5.61s) ➔ [List](3.85s) ➔ [List](9.60s) ➔ [List](6.43s) ➔ [List](7.23s) ➔ [List](41.47s) ➔ [List](3.76s) ➔ [List](6.00s) ➔ [List](8.71s) ➔ [List](1.97s) ➔ [List](6.90s) ➔ [List](4.33s) ➔ [List](11.09s) ➔ [List](94.85s) ➔ [List](4.84s) ➔ [List](37.88s) ➔ [List](5.11s) ➔ [List](9.99s) ➔ [List](2.17s) ➔ [List](5.56s) ➔ [List](13.58s) ➔ [List](6.84s) ➔ [List](264.11s) ➔ [List](8.90s) ➔ [List](6.70s) ➔ [List](48.31s) ➔ [List](35.29s) ➔ [List](7.27s) ➔ [List](9.08s) ➔ [List](2.25s) ➔ [List](17.54s) ➔ [List](69.87s) ➔ [List](14.56s) ➔ [List](2.50s) ➔ [List](4.22s) ➔ [List]"
2ae8d4ac-0261-5ce1-a974-d61381f46f77,"[List](5.25s) ➔ [List](4.87s) ➔ [Detail](16.22s) ➔ [List](2.82s) ➔ [List](5.91s) ➔ [List](2.51s) ➔ [List](3.44s) ➔ [List](3.40s) ➔ [List](0.55s) ➔ [List](13.23s) ➔ [List](2.00s) ➔ [Detail](18.80s) ➔ [List](8.60s) ➔ [Detail](0.40s) ➔ [List](12.06s) ➔ [List](2.25s) ➔ [List](18.80s) ➔ [Detail](0.25s) ➔ [List](52.03s) ➔ [List](2.78s) ➔ [List](5.81s) ➔ [List](2.95s) ➔ [List](1.08s) ➔ [List](1.19s) ➔ [List](19.99s) ➔ [List](3.94s) ➔ [List](7.90s) ➔ [List](3.54s) ➔ [Detail](57.36s) ➔ [List](9.23s) ➔ [List](1.98s) ➔ [List](1.03s) ➔ [List](2.92s) ➔ [List](1.78s) ➔ [List](1.95s) ➔ [List](18.47s) ➔ [List](2.77s) ➔ [List](2.83s) ➔ [List](0.47s) ➔ [List](2.22s) ➔ [List](1.63s) ➔ [List](3.79s) ➔ [List](0.51s) ➔ [List](1.46s) ➔ [List](4.11s) ➔ [List](2.13s) ➔ [List](2.36s) ➔ [List](1.52s) ➔ [List](3.26s) ➔ [List](0.92s) ➔ [List](4.13s) ➔ [List](2.31s) ➔ [List](2.82s) ➔ [List](1.23s) ➔ [List](2.21s) ➔ [List](7.87s) ➔ [List](2.96s) ➔ [List](1.82s) ➔ [List](1.45s) ➔ [List](2.40s) ➔ [List](0.59s) ➔ [List](4.76s) ➔ [List](2.83s) ➔ [List](3.85s) ➔ [List](19.69s) ➔ [List](10.65s) ➔ [List](1.56s) ➔ [List](5.61s) ➔ [Detail](12.33s) ➔ [List](1.40s) ➔ [List](4.57s) ➔ [Detail](0.47s) ➔ [List](32.35s) ➔ [List](1.36s) ➔ [List](0.56s) ➔ [List](7.61s) ➔ [List](1.53s) ➔ [List](9.90s) ➔ [List](3.06s) ➔ [List](1.71s) ➔ [List](5.83s) ➔ [List](3.61s) ➔ [List](3.07s) ➔ [List](9.01s) ➔ [Detail](9.89s) ➔ [List](0.28s) ➔ [List](3.41s) ➔ [List](1.43s) ➔ [List]"
b8ce6eea-cdc7-5d75-860d-524288a0db02,"[List](4.00s) ➔ [List](10.82s) ➔ [List](3.74s) ➔ [List](2.09s) ➔ [List](1.18s) ➔ [List](1.94s) ➔ [List](1.67s) ➔ [List](2.60s) ➔ [List](3.38s) ➔ [List](1.40s) ➔ [List](1.08s) ➔ [List](10.43s) ➔ [List](1.92s) ➔ [List](1.74s) ➔ [List](3.30s) ➔ [List](2.79s) ➔ [List](5.75s) ➔ [List](1.83s) ➔ [List](4.34s) ➔ [List](2.63s) ➔ [List](2.32s) ➔ [List](4.29s) ➔ [List](2.51s) ➔ [List](85.98s) ➔ [List](1.21s) ➔ [List](3.54s) ➔ [List](21.08s) ➔ [List](3.15s) ➔ [List](1.83s) ➔ [List](1.43s) ➔ [List](3.45s) ➔ [List](0.84s) ➔ [List](1.73s) ➔ [List](3.11s) ➔ [List](0.85s) ➔ [List](670.99s) ➔ [List](0.50s) ➔ [List](5.92s) ➔ [List](1.95s) ➔ [List](0.78s) ➔ [List](1.22s) ➔ [List](4.07s) ➔ [List](3.63s) ➔ [List](1.24s) ➔ [List](1.23s) ➔ [List](3.30s) ➔ [List](0.43s) ➔ [List](2.65s) ➔ [List](0.76s) ➔ [List](30.48s) ➔ [List](5.06s) ➔ [List](69.91s) ➔ [List](2.73s) ➔ [List](2.57s) ➔ [List](3.53s) ➔ [List](2.20s) ➔ [List](1.37s) ➔ [List](2.79s) ➔ [List](3.57s) ➔ [List](1.40s) ➔ [List](67.12s) ➔ [List](7.99s) ➔ [List](0.88s) ➔ [List](3.59s) ➔ [List](1.97s) ➔ [List](3.64s) ➔ [List](0.99s) ➔ [List](2.17s) ➔ [List](1.79s) ➔ [List](3.30s) ➔ [List](1.47s) ➔ [List](1.45s) ➔ [List](2.35s) ➔ [List](1.06s) ➔ [List](1.14s) ➔ [List](0.83s) ➔ [List](0.97s) ➔ [List](0.90s) ➔ [List](0.78s) ➔ [List](0.79s) ➔ [List](0.79s) ➔ [List](0.82s) ➔ [List](1.47s) ➔ [List](1.10s) ➔ [List](7.01s) ➔ [List](1.36s) ➔ [List](2.96s) ➔ [List](0.40s) ➔ [List](2.34s) ➔ [List]"
9170bd0c-a6da-5ffc-b56f-63aada38a557,"[List](113.80s) ➔ [List](7.12s) ➔ [List](1.51s) ➔ [List](0.89s) ➔ [List](2.41s) ➔ [List](1.25s) ➔ [List](74.41s) ➔ [List](3.52s) ➔ [List](199.51s) ➔ [List](0.61s) ➔ [List](10.48s) ➔ [List](3.99s) ➔ [List](1.27s) ➔ [List](0.29s) ➔ [List](7.76s) ➔ [List](1.90s) ➔ [List](3.87s) ➔ [List](0.99s) ➔ [List](1.99s) ➔ [List](1.53s) ➔ [List](3.20s) ➔ [List](0.18s) ➔ [List](0.29s) ➔ [List](0.37s) ➔ [List](0.31s) ➔ [List](0.09s) ➔ [List](0.28s) ➔ [List](0.20s) ➔ [List](0.15s) ➔ [List](18.47s) ➔ [List](1.06s) ➔ [List](950.25s) ➔ [List](9.10s) ➔ [List](1.75s) ➔ [List](3.10s) ➔ [List](2.30s) ➔ [List](2.99s) ➔ [List](4.35s) ➔ [List](8.71s) ➔ [List](9.11s) ➔ [List](4.59s) ➔ [List](0.73s) ➔ [List](5.83s) ➔ [List](3.19s) ➔ [List](0.37s) ➔ [List](6.13s) ➔ [List](3.58s) ➔ [Detail](413.91s) ➔ [List](5.86s) ➔ [List](0.60s) ➔ [List](0.41s) ➔ [List](21.31s) ➔ [List](5.90s) ➔ [List](33.38s) ➔ [List](0.52s) ➔ [List](1.07s) ➔ [List](117.22s) ➔ [List]"
b56761d6-7b77-51f8-aa4d-35c30bb37fe0,"[List](0.97s) ➔ [List](2.13s) ➔ [List](1.74s) ➔ [List](0.98s) ➔ [List](3.27s) ➔ [List](0.79s) ➔ [List](1.00s) ➔ [List](2.30s) ➔ [List](0.81s) ➔ [List](1.89s) ➔ [List](0.01s) ➔ [List](0.09s) ➔ [Detail](3.13s) ➔ [List](1.28s) ➔ [List](1.07s) ➔ [List](0.59s) ➔ [List](0.62s) ➔ [List](0.97s) ➔ [List](0.50s) ➔ [List](0.89s) ➔ [List](1.27s) ➔ [List](4.42s) ➔ [List](8.64s) ➔ [Search](3.27s) ➔ [List](1.96s) ➔ [Search](1.35s) ➔ [Detail](2.89s) ➔ [Detail](2.71s) ➔ [Search](0.97s) ➔ [List]"
a060a148-5119-5b65-be8a-dec866cf02ca,"[List](12.15s) ➔ [Detail](5.85s) ➔ [List](4.11s) ➔ [List](4.86s) ➔ [Detail](7.87s) ➔ [List](1.72s) ➔ [List](2.73s) ➔ [List](6.94s) ➔ [Detail](593.37s) ➔ [List](2.37s) ➔ [List](7.32s) ➔ [List](4.08s) ➔ [List](6.26s) ➔ [List](6.47s) ➔ [List](2.68s) ➔ [Detail](8.09s) ➔ [List](3.61s) ➔ [List](6.10s) ➔ [List](4.98s) ➔ [List](5.68s) ➔ [List](1.27s) ➔ [Detail](31.21s) ➔ [Detail](5.92s) ➔ [List](1.99s) ➔ [List](4.78s) ➔ [Detail](48.74s) ➔ [List](9.10s) ➔ [List](3.28s) ➔ [Detail](10.86s) ➔ [List](7.06s) ➔ [List](4.71s) ➔ [Detail](47.84s) ➔ [List](1.77s) ➔ [Detail](8.99s) ➔ [List](4.30s) ➔ [List](3.39s) ➔ [Detail](5.62s) ➔ [List](3.76s) ➔ [List](6.15s) ➔ [List](2.85s) ➔ [List](2.88s) ➔ [List](1.25s) ➔ [Detail](11.71s) ➔ [List](3.73s) ➔ [List](5.31s) ➔ [List](2.52s) ➔ [Detail](6.89s) ➔ [List](2.05s) ➔ [List](0.95s) ➔ [List](4.09s) ➔ [List](1.11s) ➔ [List](6.66s) ➔ [List](4.25s) ➔ [Detail](6.95s) ➔ [Detail](102.77s) ➔ [Detail](0.63s) ➔ [List](29.88s) ➔ [List](2.06s) ➔ [List](3.48s) ➔ [List](7.27s) ➔ [List](2.22s) ➔ [Detail](11.39s) ➔ [List](1.03s) ➔ [List](2.33s) ➔ [List](5.56s) ➔ [List](9.00s) ➔ [List](0.93s) ➔ [List](1.09s) ➔ [List](5.07s) ➔ [List](10.52s) ➔ [List](2.48s) ➔ [Detail](22.10s) ➔ [List](5.12s) ➔ [List](4.52s) ➔ [List](2.34s) ➔ [List](2.46s) ➔ [List](5.10s) ➔ [List](4.00s) ➔ [List](3.80s) ➔ [Detail](18.12s) ➔ [List](0.81s) ➔ [List](7.71s) ➔ [List](3.47s) ➔ [List](1.40s) ➔ [Detail]"
f8c40552-e2be-511b-8dec-abcea935b5e3,"[List](1.77s) ➔ [Detail](13.14s) ➔ [List](2.95s) ➔ [List](3.54s) ➔ [List](1.44s) ➔ [List](2.08s) ➔ [List](1.63s) ➔ [List](2.40s) ➔ [List](2.48s) ➔ [List](0.94s) ➔ [List](2.11s) ➔ [List](0.70s) ➔ [List](2.29s) ➔ [List](0.85s) ➔ [List](1.51s) ➔ [List](1.37s) ➔ [List](1.09s) ➔ [List](4.49s) ➔ [List](2.19s) ➔ [List](1.66s) ➔ [Detail](7.48s) ➔ [List](8.54s) ➔ [List](2.24s) ➔ [List](1.90s) ➔ [Detail](4.92s) ➔ [List](1.17s) ➔ [List](3.27s) ➔ [List](46.78s) ➔ [List](1.96s) ➔ [List](3.31s) ➔ [List](2.88s) ➔ [List](1.83s) ➔ [List](1.37s) ➔ [List](2.46s) ➔ [List](2.28s) ➔ [List](3.78s) ➔ [List](5.87s) ➔ [Detail](13.20s) ➔ [List](3.17s) ➔ [List](1.78s) ➔ [List](3.59s) ➔ [List](2.51s) ➔ [List](6.95s) ➔ [List](3.43s) ➔ [List](2.93s) ➔ [Detail](13.95s) ➔ [List](27.18s) ➔ [List](3.90s) ➔ [Detail](118.86s) ➔ [List](6.60s) ➔ [List](8.39s) ➔ [List](4.03s) ➔ [List](2.15s) ➔ [List](12.15s) ➔ [List](6.20s) ➔ [List](2.57s) ➔ [List](1.83s) ➔ [List](2.86s) ➔ [List](8.82s) ➔ [List](3.54s) ➔ [List](9.46s) ➔ [List](1.97s) ➔ [List](1.50s) ➔ [List](0.37s) ➔ [List](12.88s) ➔ [List](8.06s) ➔ [List](3.68s) ➔ [List](18.31s) ➔ [List](136.36s) ➔ [List](28.51s) ➔ [List](0.53s) ➔ [List](0.94s) ➔ [List](5.34s) ➔ [List](1.24s) ➔ [List](2.09s) ➔ [List](3.03s) ➔ [List]"
fa2b0b1e-5bf0-5140-a698-a611d7f8b800,"[Detail](29.52s) ➔ [Detail](12.08s) ➔ [Detail](281.05s) ➔ [List](5.14s) ➔ [List](3.66s) ➔ [List](3.17s) ➔ [List](4.25s) ➔ [Search](12.17s) ➔ [Detail](5.41s) ➔ [Search](10.65s) ➔ [Search](26.40s) ➔ [Detail](6.65s) ➔ [Search](9.49s) ➔ [Search](4.27s) ➔ [Detail](74.49s) ➔ [Search](5.72s) ➔ [Search](3.75s) ➔ [Search](6.50s) ➔ [Search](3.12s) ➔ [Detail](14.70s) ➔ [Search](3.11s) ➔ [Detail](14.60s) ➔ [Detail](6.45s) ➔ [Detail](10.42s) ➔ [Search](8.02s) ➔ [Detail](5.18s) ➔ [Search](6.01s) ➔ [Detail](6.76s) ➔ [Search](6.19s) ➔ [Search](3.39s) ➔ [Search](2.03s) ➔ [Search]"
6df26349-90b0-5877-af8d-aa29c55d55a1,"[List](6.23s) ➔ [List](4.03s) ➔ [List](4.36s) ➔ [List](1.65s) ➔ [List](4.71s) ➔ [List](3.06s) ➔ [List](1.77s) ➔ [List](1.43s) ➔ [List](1.08s) ➔ [List](1.06s) ➔ [List](3.04s) ➔ [List](1.03s) ➔ [List](3.59s) ➔ [List](5.08s) ➔ [Detail](6.83s) ➔ [List](2.57s) ➔ [List](4.80s) ➔ [List](1.33s) ➔ [List](3.33s) ➔ [List](1.64s) ➔ [List](1.97s) ➔ [List](2.48s) ➔ [List](2.58s) ➔ [List](4.05s) ➔ [List](3.90s) ➔ [List](4.36s) ➔ [List](5.87s) ➔ [List](2.70s) ➔ [List](4.17s) ➔ [Detail](11.36s) ➔ [List](2.14s) ➔ [List](3.58s) ➔ [List](2.57s) ➔ [List](3.27s) ➔ [Detail](94.82s) ➔ [List](2.53s) ➔ [List](8.03s) ➔ [List](3.29s) ➔ [Detail](108.26s) ➔ [List](4.36s) ➔ [List](1.31s) ➔ [List](5.34s) ➔ [List](5.50s) ➔ [List](7.04s) ➔ [List](3.65s) ➔ [List](4.35s) ➔ [List](3.65s) ➔ [List](9.72s) ➔ [List](5.02s) ➔ [List](4.95s) ➔ [List](2.85s) ➔ [List](3.58s) ➔ [List](5.01s) ➔ [List](2.10s) ➔ [List](3.53s) ➔ [List](5.12s) ➔ [List](4.41s) ➔ [List](5.56s) ➔ [Detail](18.58s) ➔ [List](5.43s) ➔ [List](4.65s) ➔ [List](3.06s) ➔ [Detail](10.51s) ➔ [Detail](4.12s) ➔ [List](1.56s) ➔ [List](7.26s) ➔ [List](4.41s) ➔ [List](2.15s) ➔ [List](3.58s) ➔ [List](2.99s) ➔ [List](3.15s) ➔ [List](3.92s) ➔ [List](1.72s) ➔ [List](4.09s) ➔ [List](5.84s) ➔ [List](6.45s) ➔ [List](4.65s) ➔ [List](3.96s) ➔ [List](4.62s) ➔ [Detail](9.99s) ➔ [Detail](3.34s) ➔ [List](5.19s) ➔ [List](3.97s) ➔ [List](1.61s) ➔ [List](3.46s) ➔ [Detail](11.76s) ➔ [List](3.46s) ➔ [List](4.04s) ➔ [List](8.98s) ➔ [List](3.29s) ➔ [List](6.13s) ➔ [List](6.25s) ➔ [List](5.32s) ➔ [List](2.50s) ➔ [Detail](23.42s) ➔ [Detail](48.82s) ➔ [List](3.82s) ➔ [List]"
48964e52-a1b7-534d-8ac1-1b08b7a1eb9e,"[List](3.41s) ➔ [List](7.54s) ➔ [List](7.16s) ➔ [List](7.78s) ➔ [List](5.53s) ➔ [List](10.01s) ➔ [List](6.42s) ➔ [List](10.80s) ➔ [Detail](9.12s) ➔ [List](9.66s) ➔ [List](10.51s) ➔ [List](16.50s) ➔ [List](0.97s) ➔ [List](1.48s) ➔ [List](0.62s) ➔ [List](1.71s) ➔ [List](2.39s) ➔ [List](11.05s) ➔ [List](4.29s) ➔ [List](1.44s) ➔ [List](2.25s) ➔ [List](2.97s) ➔ [List](17.71s) ➔ [List](1.23s) ➔ [List](2.87s) ➔ [List](18.65s) ➔ [List](2.24s) ➔ [List](7.77s) ➔ [List](2.06s) ➔ [List](0.63s) ➔ [List](0.64s) ➔ [List](0.77s) ➔ [List](1.54s) ➔ [List](1.21s) ➔ [List](0.94s) ➔ [List](2.87s) ➔ [List](14.22s) ➔ [List](10.57s) ➔ [List](11.78s) ➔ [Detail](46.26s) ➔ [List](9.11s) ➔ [List](10.34s) ➔ [List](8.79s) ➔ [List](1.35s) ➔ [List](0.97s) ➔ [List](10.61s) ➔ [List](0.31s) ➔ [List](25.70s) ➔ [List](2.46s) ➔ [Detail](18.41s) ➔ [List]"
dc30188a-aa8f-5e7c-b9ef-601c0b6d738e,"[List](19.03s) ➔ [List](29.32s) ➔ [List](40.59s) ➔ [List](5.35s) ➔ [List](15.54s) ➔ [List](36.57s) ➔ [List](7.56s) ➔ [List](16.70s) ➔ [List](5.00s) ➔ [List](6.88s) ➔ [List](7.33s) ➔ [List](12.74s) ➔ [List](10.01s) ➔ [List](9.83s) ➔ [List](17.05s) ➔ [List](42.87s) ➔ [List](13.75s) ➔ [List](14.44s) ➔ [List](33.97s) ➔ [Detail](82.55s) ➔ [List](7.05s) ➔ [List](5.12s) ➔ [List](8.04s) ➔ [List](13.84s) ➔ [List](12.52s) ➔ [List](95.15s) ➔ [List](20.35s) ➔ [List](12.95s) ➔ [List](10.08s) ➔ [List](8.35s) ➔ [List](19.09s) ➔ [List](18.56s) ➔ [Detail](32.08s) ➔ [List](57.91s) ➔ [List](33.40s) ➔ [List](5.39s) ➔ [List](8.90s) ➔ [List](16.23s) ➔ [List]"
